﻿<?xml version="1.0" encoding="utf-8"?>
<abapGit version="v1.0.0" serializer="LCL_OBJECT_FUGR" serializer_version="v1.0.0">
 <asx:abap xmlns:asx="http://www.sap.com/abapxml" version="1.0">
  <asx:values>
   <AREAT>多个alv函数组</AREAT>
   <INCLUDES>
    <SOBJ_NAME>LZALV_MULTIO01</SOBJ_NAME>
    <SOBJ_NAME>LZALV_MULTITOP</SOBJ_NAME>
    <SOBJ_NAME>SAPLZALV_MULTI</SOBJ_NAME>
   </INCLUDES>
   <FUNCTIONS>
    <item>
     <FUNCNAME>ZALV_CALL_SCREEN</FUNCNAME>
     <SHORT_TEXT>alv调用屏幕</SHORT_TEXT>
     <IMPORT>
      <RSIMP>
       <PARAMETER>CL_MULTI</PARAMETER>
       <REFERENCE>X</REFERENCE>
       <TYP>REF TO ZCL_ALV_MULTI</TYP>
       <REF_CLASS>X</REF_CLASS>
      </RSIMP>
     </IMPORT>
     <DOCUMENTATION>
      <RSFDO>
       <PARAMETER>CL_MULTI</PARAMETER>
       <KIND>P</KIND>
       <STEXT>多个alv展示类</STEXT>
      </RSFDO>
     </DOCUMENTATION>
    </item>
   </FUNCTIONS>
   <DYNPROS>
    <item>
     <HEADER>
      <PROGRAM>SAPLZALV_MULTI</PROGRAM>
      <SCREEN>0100</SCREEN>
      <LANGUAGE>1</LANGUAGE>
      <DESCRIPT>ALV屏幕</DESCRIPT>
      <TYPE>N</TYPE>
      <NEXTSCREEN>0100</NEXTSCREEN>
      <LINES>027</LINES>
      <COLUMNS>120</COLUMNS>
      <NO_TOOLBAR>X</NO_TOOLBAR>
     </HEADER>
     <CONTAINERS>
      <RPY_DYCATT>
       <TYPE>SCREEN</TYPE>
       <NAME>SCREEN</NAME>
      </RPY_DYCATT>
     </CONTAINERS>
     <FIELDS>
      <RPY_DYFATC>
       <CONT_TYPE>SCREEN</CONT_TYPE>
       <CONT_NAME>SCREEN</CONT_NAME>
       <TYPE>OKCODE</TYPE>
       <NAME>OK_CODE</NAME>
       <TEXT>____________________</TEXT>
       <LENGTH>020</LENGTH>
       <VISLENGTH>020</VISLENGTH>
       <HEIGHT>001</HEIGHT>
       <FORMAT>CHAR</FORMAT>
       <INPUT_FLD>X</INPUT_FLD>
      </RPY_DYFATC>
     </FIELDS>
     <FLOW_LOGIC>
      <RPY_DYFLOW>
       <LINE>PROCESS BEFORE OUTPUT.</LINE>
      </RPY_DYFLOW>
      <RPY_DYFLOW>
       <LINE>  MODULE status_0100.</LINE>
      </RPY_DYFLOW>
      <RPY_DYFLOW>
       <LINE>  MODULE init_alv.</LINE>
      </RPY_DYFLOW>
      <RPY_DYFLOW/>
      <RPY_DYFLOW>
       <LINE>PROCESS AFTER INPUT.</LINE>
      </RPY_DYFLOW>
      <RPY_DYFLOW>
       <LINE>  MODULE user_command_0100.</LINE>
      </RPY_DYFLOW>
     </FLOW_LOGIC>
    </item>
   </DYNPROS>
   <CUA>
    <ADM>
     <ACTCODE>000001</ACTCODE>
     <PFKCODE>000001</PFKCODE>
    </ADM>
    <STA>
     <RSMPE_STAT>
      <CODE>STATUS_0100</CODE>
      <MODAL>D</MODAL>
      <ACTCODE>000001</ACTCODE>
      <PFKCODE>000001</PFKCODE>
      <BUTCODE>0001</BUTCODE>
      <INT_NOTE>STATUS_0100</INT_NOTE>
     </RSMPE_STAT>
    </STA>
    <FUN>
     <RSMPE_FUNT>
      <CODE>&amp;F03</CODE>
      <TEXTNO>001</TEXTNO>
      <TEXT_TYPE>S</TEXT_TYPE>
      <FUN_TEXT>返回</FUN_TEXT>
     </RSMPE_FUNT>
     <RSMPE_FUNT>
      <CODE>&amp;F12</CODE>
      <TEXTNO>001</TEXTNO>
      <TEXT_TYPE>S</TEXT_TYPE>
      <FUN_TEXT>退出</FUN_TEXT>
     </RSMPE_FUNT>
     <RSMPE_FUNT>
      <CODE>&amp;F15</CODE>
      <TEXTNO>001</TEXTNO>
      <TEXT_TYPE>S</TEXT_TYPE>
      <TEXT_NAME>ICON_CANCEL</TEXT_NAME>
      <ICON_ID>@0W@</ICON_ID>
      <FUN_TEXT>取消</FUN_TEXT>
     </RSMPE_FUNT>
    </FUN>
    <PFK>
     <RSMPE_PFK>
      <CODE>000001</CODE>
      <PFNO>03</PFNO>
      <FUNCODE>&amp;F03</FUNCODE>
      <FUNNO>001</FUNNO>
     </RSMPE_PFK>
     <RSMPE_PFK>
      <CODE>000001</CODE>
      <PFNO>12</PFNO>
      <FUNCODE>&amp;F15</FUNCODE>
      <FUNNO>001</FUNNO>
     </RSMPE_PFK>
     <RSMPE_PFK>
      <CODE>000001</CODE>
      <PFNO>15</PFNO>
      <FUNCODE>&amp;F12</FUNCODE>
      <FUNNO>001</FUNNO>
     </RSMPE_PFK>
    </PFK>
    <SET>
     <RSMPE_STAF>
      <STATUS>STATUS_0100</STATUS>
      <FUNCTION>&amp;F03</FUNCTION>
     </RSMPE_STAF>
     <RSMPE_STAF>
      <STATUS>STATUS_0100</STATUS>
      <FUNCTION>&amp;F12</FUNCTION>
     </RSMPE_STAF>
     <RSMPE_STAF>
      <STATUS>STATUS_0100</STATUS>
      <FUNCTION>&amp;F15</FUNCTION>
     </RSMPE_STAF>
    </SET>
    <DOC>
     <RSMPE_ATRT>
      <OBJ_TYPE>A</OBJ_TYPE>
      <OBJ_CODE>000001</OBJ_CODE>
      <MODAL>D</MODAL>
      <INT_NOTE>STATUS_0100</INT_NOTE>
     </RSMPE_ATRT>
     <RSMPE_ATRT>
      <OBJ_TYPE>P</OBJ_TYPE>
      <OBJ_CODE>000001</OBJ_CODE>
      <MODAL>D</MODAL>
      <INT_NOTE>STATUS_0100</INT_NOTE>
     </RSMPE_ATRT>
     <RSMPE_ATRT>
      <OBJ_TYPE>B</OBJ_TYPE>
      <OBJ_CODE>000001</OBJ_CODE>
      <SUB_CODE>0001</SUB_CODE>
      <MODAL>D</MODAL>
      <INT_NOTE>STATUS_0100</INT_NOTE>
     </RSMPE_ATRT>
    </DOC>
    <TIT>
     <RSMPE_TITT>
      <CODE>TITLE</CODE>
      <TEXT>&amp;1</TEXT>
     </RSMPE_TITT>
    </TIT>
   </CUA>
  </asx:values>
 </asx:abap>
</abapGit>
